name,cuisines,aggregate_rating,rating_text,votes,average_cost_for_two,price_range,locality,city,latitude,longitude,has_online_delivery,has_table_booking,American,Andhra,Arabian,Asian,Awadhi,BBQ,Bakery,Beverages,Biryani,Burger,Burmese,Cafe,Chinese,Coffee,Continental,Desserts,European,Fast Food,Gujarati,Healthy Food,Hyderabadi,Ice Cream,Italian,Japanese,Juices,Lebanese,Mediterranean,Mexican,Modern Indian,Momos,Mughlai,North Indian,Parsi,Pizza,Rajasthani,Rolls,Salad,Sandwich,Seafood,South Indian,Street Food,Sushi,Tex-Mex,Thai,Tibetan,Vietnamese,places,cuisine_count,place_type
Sahib’s Barbeque by Ohri’s,"Hyderabadi, Awadhi, BBQ",4.9,Excellent,7647,1400,3,Hitech City,Hyderabad,17.441403376500002,78.3762160689,1,1,0,0,0,0,1,1,0,0,0,0,0,0,0,0,0,0,0,0,0,0,1,0,0,0,0,0,0,0,0,0,0,0,0,0,0,0,0,0,0,0,0,0,0,0,0,0,None,3,None
Chili's American Grill & Bar,"Mexican, American, Tex-Mex, Burger, Salad",4.9,Excellent,5313,1400,3,Banjara Hills,Hyderabad,17.4228293551,78.4494651854,1,1,1,0,0,0,0,0,0,0,0,1,0,0,0,0,0,0,0,0,0,0,0,0,0,0,0,0,0,1,0,0,0,0,0,0,0,0,1,0,0,0,0,0,1,0,0,0,None,5,None
Ohri's Tansen,North Indian,4.9,Excellent,3076,1500,3,Necklace Road,Hyderabad,17.431670692,78.46505753699999,1,1,0,0,0,0,0,0,0,0,0,0,0,0,0,0,0,0,0,0,0,0,0,0,0,0,0,0,0,0,0,0,0,1,0,0,0,0,0,0,0,0,0,0,0,0,0,0,None,1,None
Ohri's Serengeti,North Indian,4.9,Excellent,2493,1500,3,Banjara Hills,Hyderabad,17.4084022044,78.43887951229999,1,1,0,0,0,0,0,0,0,0,0,0,0,0,0,0,0,0,0,0,0,0,0,0,0,0,0,0,0,0,0,0,0,1,0,0,0,0,0,0,0,0,0,0,0,0,0,0,None,1,None
AB's - Absolute Barbecues,"European, Mediterranean, North Indian",4.9,Excellent,7164,1200,3,Gachibowli,Hyderabad,17.4429879633,78.3574000373,0,1,0,0,0,0,0,0,0,0,0,0,0,0,0,0,0,0,1,0,0,0,0,0,0,0,0,0,1,0,0,0,0,1,0,0,0,0,0,0,0,0,0,0,0,0,0,0,None,3,None
AB's - Absolute Barbecues,"European, Mediterranean, North Indian",4.9,Excellent,4138,1500,3,Banjara Hills,Hyderabad,17.4123502858,78.4494296461,0,1,0,0,0,0,0,0,0,0,0,0,0,0,0,0,0,0,1,0,0,0,0,0,0,0,0,0,1,0,0,0,0,1,0,0,0,0,0,0,0,0,0,0,0,0,0,0,None,3,None
Taaza Kitchen,South Indian,4.9,Excellent,328,100,1,Madhapur,Hyderabad,17.452451696500002,78.3914362639,1,0,0,0,0,0,0,0,0,0,0,0,0,0,0,0,0,0,0,0,0,0,0,0,0,0,0,0,0,0,0,0,0,0,0,0,0,0,0,0,0,1,0,0,0,0,0,0,None,1,None
Tossin Pizza,"Pizza, Italian, Fast Food, Beverages",4.9,Excellent,107,600,2,Gachibowli,Hyderabad,17.4307622,78.3735583,1,1,0,0,0,0,0,0,0,1,0,0,0,0,0,0,0,0,0,1,0,0,0,0,1,0,0,0,0,0,0,0,0,0,0,1,0,0,0,0,0,0,0,0,0,0,0,0,None,4,None
AB's - Absolute Barbecues,"European, Mediterranean, North Indian",4.9,Excelente,4138,1500,3,Banjara Hills,Hyderabad,17.4123502858,78.4494296461,0,1,0,0,0,0,0,0,0,0,0,0,0,0,0,0,0,0,1,0,0,0,0,0,0,0,0,0,1,0,0,0,0,1,0,0,0,0,0,0,0,0,0,0,0,0,0,0,None,3,None
AB's - Absolute Barbecues,"European, Mediterranean, North Indian",4.9,Skvělé,4138,1500,3,Banjara Hills,Hyderabad,17.4123502858,78.4494296461,0,1,0,0,0,0,0,0,0,0,0,0,0,0,0,0,0,0,1,0,0,0,0,0,0,0,0,0,1,0,0,0,0,1,0,0,0,0,0,0,0,0,0,0,0,0,0,0,None,3,None
Sahib’s Barbeque by Ohri’s,"Hyderabadi, Awadhi, BBQ",4.9,Excelente,7647,1400,3,Hitech City,Hyderabad,17.441403376500002,78.3762160689,1,1,0,0,0,0,1,1,0,0,0,0,0,0,0,0,0,0,0,0,0,0,1,0,0,0,0,0,0,0,0,0,0,0,0,0,0,0,0,0,0,0,0,0,0,0,0,0,None,3,None
Chili's American Grill & Bar,"Mexican, American, Tex-Mex, Burger, Salad",4.9,Excellent,7422,1400,3,Hitech City,Hyderabad,17.433889355999998,78.38665287939999,1,1,1,0,0,0,0,0,0,0,0,1,0,0,0,0,0,0,0,0,0,0,0,0,0,0,0,0,0,1,0,0,0,0,0,0,0,0,1,0,0,0,0,0,1,0,0,0,None,5,None
Euphoria,"Fast Food, Bakery",4.8,Excellent,834,500,2,Sainikpuri,Secunderabad,17.487053,78.542914,1,0,0,0,0,0,0,0,1,0,0,0,0,0,0,0,0,0,0,1,0,0,0,0,0,0,0,0,0,0,0,0,0,0,0,0,0,0,0,0,0,0,0,0,0,0,0,0,None,2,None
Ocean's Basket,"North Indian, Chinese, Seafood, South Indian, Continental",4.8,Excelente,612,1900,3,Banjara Hills,Hyderabad,17.4264908254,78.437997736,1,0,0,0,0,0,0,0,0,0,0,0,0,0,1,0,1,0,0,0,0,0,0,0,0,0,0,0,0,0,0,0,0,1,0,0,0,0,0,0,1,1,0,0,0,0,0,0,None,5,None
Conçu,"Cafe, Bakery, Italian, Desserts",4.8,Excelente,2770,1000,3,Jubilee Hills,Hyderabad,17.437113344100002,78.39991673829999,1,0,0,0,0,0,0,0,1,0,0,0,0,1,0,0,0,1,0,0,0,0,0,0,1,0,0,0,0,0,0,0,0,0,0,0,0,0,0,0,0,0,0,0,0,0,0,0,None,4,None
Churrolto,"Desserts, Cafe, Italian",4.8,Excelente,2021,1200,3,Film Nagar,Hyderabad,17.4165996326,78.4106093645,0,0,0,0,0,0,0,0,0,0,0,0,0,1,0,0,0,1,0,0,0,0,0,0,1,0,0,0,0,0,0,0,0,0,0,0,0,0,0,0,0,0,0,0,0,0,0,0,None,3,None
Conçu,"Cafe, Bakery, Italian, Desserts",4.8,Excellent,2770,1000,3,Jubilee Hills,Hyderabad,17.437113344100002,78.39991673829999,1,0,0,0,0,0,0,0,1,0,0,0,0,1,0,0,0,1,0,0,0,0,0,0,1,0,0,0,0,0,0,0,0,0,0,0,0,0,0,0,0,0,0,0,0,0,0,0,None,4,None
Natural Ice Cream,"Ice Cream, Desserts",4.8,Excellent,2397,200,1,Jubilee Hills,Hyderabad,17.4386381532,78.3991583437,1,0,0,0,0,0,0,0,0,0,0,0,0,0,0,0,0,1,0,0,0,0,0,1,0,0,0,0,0,0,0,0,0,0,0,0,0,0,0,0,0,0,0,0,0,0,0,0,None,2,None
B-Dubs,American,4.8,Excellent,2540,1600,3,Jubilee Hills,Hyderabad,17.4333804348,78.4050893784,1,0,1,0,0,0,0,0,0,0,0,0,0,0,0,0,0,0,0,0,0,0,0,0,0,0,0,0,0,0,0,0,0,0,0,0,0,0,0,0,0,0,0,0,0,0,0,0,None,1,None
Ocean's Basket,"North Indian, Chinese, Seafood, South Indian, Continental",4.8,Excellent,612,1900,3,Banjara Hills,Hyderabad,17.4264908254,78.437997736,1,0,0,0,0,0,0,0,0,0,0,0,0,0,1,0,1,0,0,0,0,0,0,0,0,0,0,0,0,0,0,0,0,1,0,0,0,0,0,0,1,1,0,0,0,0,0,0,None,5,None
Churrolto,"Desserts, Cafe, Italian",4.8,Excellent,2021,1200,3,Film Nagar,Hyderabad,17.4165996326,78.4106093645,0,0,0,0,0,0,0,0,0,0,0,0,0,1,0,0,0,1,0,0,0,0,0,0,1,0,0,0,0,0,0,0,0,0,0,0,0,0,0,0,0,0,0,0,0,0,0,0,None,3,None
AB's - Absolute Barbecues,"European, Mediterranean, North Indian",4.8,Excellent,1063,1200,3,Hitech City,Hyderabad,17.4340166661,78.38662605729999,0,1,0,0,0,0,0,0,0,0,0,0,0,0,0,0,0,0,1,0,0,0,0,0,0,0,0,0,1,0,0,0,0,1,0,0,0,0,0,0,0,0,0,0,0,0,0,0,Inorbit Mall,3,Mall
China Bistro,"Chinese, Thai, Asian, Japanese",4.8,Excellent,884,1600,3,Kondapur,Hyderabad,17.4548495369,78.3643342182,1,1,0,0,0,1,0,0,0,0,0,0,0,0,1,0,0,0,0,0,0,0,0,0,0,1,0,0,0,0,0,0,0,0,0,0,0,0,0,0,0,0,0,0,0,1,0,0,None,4,None
AB's - Absolute Barbecues,"European, Mediterranean, North Indian",4.8,Excellent,10753,1200,3,Jubilee Hills,Hyderabad,17.438335559400002,78.3978172392,0,1,0,0,0,0,0,0,0,0,0,0,0,0,0,0,0,0,1,0,0,0,0,0,0,0,0,0,1,0,0,0,0,1,0,0,0,0,0,0,0,0,0,0,0,0,0,0,None,3,None
Feranoz Pâtisserie & Cafè,"Cafe, Bakery",4.7,Excellent,347,600,2,Banjara Hills,Hyderabad,17.419375746500002,78.4421625361,0,0,0,0,0,0,0,0,1,0,0,0,0,1,0,0,0,0,0,0,0,0,0,0,0,0,0,0,0,0,0,0,0,0,0,0,0,0,0,0,0,0,0,0,0,0,0,0,None,2,None
The Devil's Cut,"North Indian, Chinese, Continental",4.7,Excelente,399,1550,3,Jubilee Hills,Hyderabad,17.4256415,78.414312,0,1,0,0,0,0,0,0,0,0,0,0,0,0,1,0,1,0,0,0,0,0,0,0,0,0,0,0,0,0,0,0,0,1,0,0,0,0,0,0,0,0,0,0,0,0,0,0,None,3,None
Dhaba Estd 1986 Delhi,North Indian,4.7,Excelente,3525,1800,3,Kondapur,Hyderabad,17.4581371207,78.3731771261,1,1,0,0,0,0,0,0,0,0,0,0,0,0,0,0,0,0,0,0,0,0,0,0,0,0,0,0,0,0,0,0,0,1,0,0,0,0,0,0,0,0,0,0,0,0,0,0,None,1,None
Nimrah Cafe And Bakery,Bakery,4.7,Excelente,1226,250,1,Charminar,Hyderabad,17.3610995399,78.4744134173,0,0,0,0,0,0,0,0,1,0,0,0,0,0,0,0,0,0,0,0,0,0,0,0,0,0,0,0,0,0,0,0,0,0,0,0,0,0,0,0,0,0,0,0,0,0,0,0,None,1,None
Trio-La Patisserie,"Bakery, Desserts",4.7,Excelente,222,500,2,Bowenpally,Secunderabad,17.4639662874,78.4897274897,1,0,0,0,0,0,0,0,1,0,0,0,0,0,0,0,0,1,0,0,0,0,0,0,0,0,0,0,0,0,0,0,0,0,0,0,0,0,0,0,0,0,0,0,0,0,0,0,None,2,None
Trio-La Patisserie,"Bakery, Desserts",4.7,Excellent,222,500,2,Bowenpally,Secunderabad,17.4639662874,78.4897274897,1,0,0,0,0,0,0,0,1,0,0,0,0,0,0,0,0,1,0,0,0,0,0,0,0,0,0,0,0,0,0,0,0,0,0,0,0,0,0,0,0,0,0,0,0,0,0,0,None,2,None
Zero40 Brewing,"American, Pizza, North Indian",4.7,Excellent,4905,2400,4,Jubilee Hills,Hyderabad,17.4355898017,78.4117989242,0,1,1,0,0,0,0,0,0,0,0,0,0,0,0,0,0,0,0,0,0,0,0,0,0,0,0,0,0,0,0,0,0,1,0,1,0,0,0,0,0,0,0,0,0,0,0,0,None,3,None
Feu Dessert Bar,"Cafe, Desserts, Coffee, Sandwich, Salad",4.7,Excellent,356,1100,3,Jubilee Hills,Hyderabad,17.423955,78.412882,0,0,0,0,0,0,0,0,0,0,0,0,0,1,0,1,0,1,0,0,0,0,0,0,0,0,0,0,0,0,0,0,0,0,0,0,0,0,1,1,0,0,0,0,0,0,0,0,None,5,None
Ohri's Jiva Imperia,"North Indian, Chinese, South Indian, Bakery",4.7,Excellent,1950,1100,3,Begumpet,Hyderabad,17.4357033561,78.4576398879,1,0,0,0,0,0,0,0,1,0,0,0,0,0,1,0,0,0,0,0,0,0,0,0,0,0,0,0,0,0,0,0,0,1,0,0,0,0,0,0,0,1,0,0,0,0,0,0,None,4,None
Paradise Biryani,"Biryani, North Indian, Mughlai",4.7,Excellent,14207,800,2,Paradise Circle,Secunderabad,17.4419161137,78.4871029481,1,0,0,0,0,0,0,0,0,0,1,0,0,0,0,0,0,0,0,0,0,0,0,0,0,0,0,0,0,0,0,0,1,1,0,0,0,0,0,0,0,0,0,0,0,0,0,0,None,3,None
Ohri's Gufaa,North Indian,4.7,Excellent,1871,1000,3,Basheer Bagh,Hyderabad,17.404901614,78.4765786305,1,0,0,0,0,0,0,0,0,0,0,0,0,0,0,0,0,0,0,0,0,0,0,0,0,0,0,0,0,0,0,0,0,1,0,0,0,0,0,0,0,0,0,0,0,0,0,0,None,1,None
The Roastery Coffee House,"Cafe, American, Continental, Italian",4.7,Excellent,3860,800,2,Banjara Hills,Hyderabad,17.4234339538,78.4316090494,1,0,1,0,0,0,0,0,0,0,0,0,0,1,0,0,1,0,0,0,0,0,0,0,1,0,0,0,0,0,0,0,0,0,0,0,0,0,0,0,0,0,0,0,0,0,0,0,None,4,None
B-Dubs,American,4.7,Excellent,1408,1600,3,Gachibowli,Hyderabad,17.4347985,78.3687073,1,0,1,0,0,0,0,0,0,0,0,0,0,0,0,0,0,0,0,0,0,0,0,0,0,0,0,0,0,0,0,0,0,0,0,0,0,0,0,0,0,0,0,0,0,0,0,0,None,1,None
Natural Ice Cream,"Ice Cream, Desserts",4.7,Excellent,1174,200,1,S P Road,Secunderabad,17.4431590876,78.4805405885,1,0,0,0,0,0,0,0,0,0,0,0,0,0,0,0,0,1,0,0,0,0,0,1,0,0,0,0,0,0,0,0,0,0,0,0,0,0,0,0,0,0,0,0,0,0,0,0,None,2,None
The Devil's Cut,"North Indian, Chinese, Continental",4.7,Excellent,399,1550,3,Jubilee Hills,Hyderabad,17.4256415,78.414312,0,1,0,0,0,0,0,0,0,0,0,0,0,0,1,0,1,0,0,0,0,0,0,0,0,0,0,0,0,0,0,0,0,1,0,0,0,0,0,0,0,0,0,0,0,0,0,0,None,3,None
Stikstof Ice-Cream Cafe,"Ice Cream, Beverages",4.7,Excellent,1375,500,2,Madhapur,Hyderabad,17.4437585013,78.3873851225,1,0,0,0,0,0,0,0,0,1,0,0,0,0,0,0,0,0,0,0,0,0,0,1,0,0,0,0,0,0,0,0,0,0,0,0,0,0,0,0,0,0,0,0,0,0,0,0,None,2,None
Dhaba Estd 1986 Delhi,North Indian,4.7,Excellent,3525,1800,3,Kondapur,Hyderabad,17.4581371207,78.3731771261,1,1,0,0,0,0,0,0,0,0,0,0,0,0,0,0,0,0,0,0,0,0,0,0,0,0,0,0,0,0,0,0,0,1,0,0,0,0,0,0,0,0,0,0,0,0,0,0,None,1,None
Ohri's De Thali,"North Indian, Rajasthani, Gujarati",4.7,Excellent,1505,900,2,Begumpet,Hyderabad,17.4357139119,78.4577203542,1,1,0,0,0,0,0,0,0,0,0,0,0,0,0,0,0,0,0,0,1,0,0,0,0,0,0,0,0,0,0,0,0,1,0,0,1,0,0,0,0,0,0,0,0,0,0,0,None,3,None
Nimrah Cafe And Bakery,Bakery,4.7,Excellent,1226,250,1,Charminar,Hyderabad,17.3610995399,78.4744134173,0,0,0,0,0,0,0,0,1,0,0,0,0,0,0,0,0,0,0,0,0,0,0,0,0,0,0,0,0,0,0,0,0,0,0,0,0,0,0,0,0,0,0,0,0,0,0,0,None,1,None
Haiku,"Asian, Sushi",4.6,Skvělé,939,1500,3,Banjara Hills,Hyderabad,17.4121800923,78.4304141253,0,0,0,0,0,1,0,0,0,0,0,0,0,0,0,0,0,0,0,0,0,0,0,0,0,0,0,0,0,0,0,0,0,0,0,0,0,0,0,0,0,0,0,1,0,0,0,0,None,2,None
Carpe Diem,"Continental, Asian, Mexican",4.6,Excelente,526,2000,4,Jubilee Hills,Hyderabad,17.4377550001,78.3982239291,0,0,0,0,0,1,0,0,0,0,0,0,0,0,0,0,1,0,0,0,0,0,0,0,0,0,0,0,0,1,0,0,0,0,0,0,0,0,0,0,0,0,0,0,0,0,0,0,None,3,None
10 Asia Kitchen,"Asian, Chinese, Thai, Seafood, Desserts",4.6,Excellent,79,1200,3,Jubilee Hills,Hyderabad,17.4297356,78.4126338,0,0,0,0,0,1,0,0,0,0,0,0,0,0,1,0,0,1,0,0,0,0,0,0,0,0,0,0,0,0,0,0,0,0,0,0,0,0,0,0,1,0,0,0,0,1,0,0,None,5,None
Coconut Juice Bar,"Beverages, Juices",4.6,Excellent,366,200,1,Gachibowli,Hyderabad,17.4471409612,78.3532815054,1,0,0,0,0,0,0,0,0,1,0,0,0,0,0,0,0,0,0,0,0,0,0,0,0,0,1,0,0,0,0,0,0,0,0,0,0,0,0,0,0,0,0,0,0,0,0,0,None,2,None
Kaffe Gardenia,"North Indian, South Indian, Chinese",4.6,Excellent,166,800,2,Banjara Hills,Hyderabad,17.4238482147,78.4247560054,1,1,0,0,0,0,0,0,0,0,0,0,0,0,1,0,0,0,0,0,0,0,0,0,0,0,0,0,0,0,0,0,0,1,0,0,0,0,0,0,0,1,0,0,0,0,0,0,None,3,None
Stikstof Ice-Cream Cafe,Ice Cream,4.6,Excellent,256,500,2,Gachibowli,Hyderabad,17.4200261,78.3528936,1,0,0,0,0,0,0,0,0,0,0,0,0,0,0,0,0,0,0,0,0,0,0,1,0,0,0,0,0,0,0,0,0,0,0,0,0,0,0,0,0,0,0,0,0,0,0,0,None,1,None
Euphoria,"Fast Food, Bakery",4.6,Excellent,185,500,2,Kondapur,Hyderabad,17.4558327158,78.3742141351,1,0,0,0,0,0,0,0,1,0,0,0,0,0,0,0,0,0,0,1,0,0,0,0,0,0,0,0,0,0,0,0,0,0,0,0,0,0,0,0,0,0,0,0,0,0,0,0,None,2,None
Kaffe Gardenia,"North Indian, South Indian, Chinese",4.6,Excelente,166,800,2,Banjara Hills,Hyderabad,17.4238482147,78.4247560054,1,1,0,0,0,0,0,0,0,0,0,0,0,0,1,0,0,0,0,0,0,0,0,0,0,0,0,0,0,0,0,0,0,1,0,0,0,0,0,0,0,1,0,0,0,0,0,0,None,3,None
Ohri's 70mm,"Continental, North Indian, Chinese",4.6,Excellent,2829,1500,3,Necklace Road,Hyderabad,17.4318091994,78.4649998695,0,1,0,0,0,0,0,0,0,0,0,0,0,0,1,0,1,0,0,0,0,0,0,0,0,0,0,0,0,0,0,0,0,1,0,0,0,0,0,0,0,0,0,0,0,0,0,0,None,3,None
Exotica,"Mughlai, North Indian, Chinese",4.6,Excelente,6545,1800,3,Banjara Hills,Hyderabad,17.410307633800002,78.4372044727,0,0,0,0,0,0,0,0,0,0,0,0,0,0,1,0,0,0,0,0,0,0,0,0,0,0,0,0,0,0,0,0,1,1,0,0,0,0,0,0,0,0,0,0,0,0,0,0,12th Square Building,3,Mall
Cask The Bar,"Continental, North Indian",4.6,Excellent,575,1200,3,Kompally,Hyderabad,17.515535051500002,78.4807977453,0,0,0,0,0,0,0,0,0,0,0,0,0,0,0,0,1,0,0,0,0,0,0,0,0,0,0,0,0,0,0,0,0,1,0,0,0,0,0,0,0,0,0,0,0,0,0,0,None,2,None
Coconut Juice Bar,"Beverages, Juices",4.6,Excelente,7,200,1,Madhapur,Hyderabad,17.4415018477,78.388712868,1,0,0,0,0,0,0,0,0,1,0,0,0,0,0,0,0,0,0,0,0,0,0,0,0,0,1,0,0,0,0,0,0,0,0,0,0,0,0,0,0,0,0,0,0,0,0,0,None,2,None
Coffee Cup,"Cafe, Continental, Italian",4.6,Excelente,4097,800,2,Sainikpuri,Secunderabad,17.4831571465,78.5521260649,1,1,0,0,0,0,0,0,0,0,0,0,0,1,0,0,1,0,0,0,0,0,0,0,1,0,0,0,0,0,0,0,0,0,0,0,0,0,0,0,0,0,0,0,0,0,0,0,None,3,None
Onesta,"Pizza, Italian, Fast Food, Beverages, Desserts",4.6,Excelente,3811,600,2,Banjara Hills,Hyderabad,17.4152816194,78.4503543377,1,0,0,0,0,0,0,0,0,1,0,0,0,0,0,0,0,1,0,1,0,0,0,0,1,0,0,0,0,0,0,0,0,0,0,1,0,0,0,0,0,0,0,0,0,0,0,0,None,5,None
Amnesia Sky Bar,"Continental, North Indian",4.6,Excellent,135,1500,3,Hitech City,Hyderabad,17.4337239,78.3867856,0,1,0,0,0,0,0,0,0,0,0,0,0,0,0,0,1,0,0,0,0,0,0,0,0,0,0,0,0,0,0,0,0,1,0,0,0,0,0,0,0,0,0,0,0,0,0,0,Inorbit Mall,2,Mall
Coconut Juice Bar,"Beverages, Juices",4.6,Excellent,7,200,1,Madhapur,Hyderabad,17.4415018477,78.388712868,1,0,0,0,0,0,0,0,0,1,0,0,0,0,0,0,0,0,0,0,0,0,0,0,0,0,1,0,0,0,0,0,0,0,0,0,0,0,0,0,0,0,0,0,0,0,0,0,None,2,None
Carpe Diem,"Continental, Asian, Mexican",4.6,Excellent,526,2000,4,Jubilee Hills,Hyderabad,17.4377550001,78.3982239291,0,0,0,0,0,1,0,0,0,0,0,0,0,0,0,0,1,0,0,0,0,0,0,0,0,0,0,0,0,1,0,0,0,0,0,0,0,0,0,0,0,0,0,0,0,0,0,0,None,3,None
China Bistro,"Chinese, Thai, Asian, Momos",4.6,Excellent,1618,1700,3,Jubilee Hills,Hyderabad,17.4225110603,78.4109925851,1,0,0,0,0,1,0,0,0,0,0,0,0,0,1,0,0,0,0,0,0,0,0,0,0,0,0,0,0,0,0,1,0,0,0,0,0,0,0,0,0,0,0,0,0,1,0,0,None,4,None
Onesta,"Pizza, Italian, Fast Food, Beverages, Desserts",4.6,Excellent,3811,600,2,Banjara Hills,Hyderabad,17.4152816194,78.4503543377,1,0,0,0,0,0,0,0,0,1,0,0,0,0,0,0,0,1,0,1,0,0,0,0,1,0,0,0,0,0,0,0,0,0,0,1,0,0,0,0,0,0,0,0,0,0,0,0,None,5,None
The Chocolate Room,"Cafe, Desserts",4.6,Excellent,395,600,2,Miyapur,Hyderabad,17.494722,78.341066,1,0,0,0,0,0,0,0,0,0,0,0,0,1,0,0,0,1,0,0,0,0,0,0,0,0,0,0,0,0,0,0,0,0,0,0,0,0,0,0,0,0,0,0,0,0,0,0,None,2,None
Flechazo,"Asian, Mediterranean, North Indian, Desserts",4.6,Excellent,9521,1300,3,Madhapur,Hyderabad,17.4466826136,78.38450510050001,0,1,0,0,0,1,0,0,0,0,0,0,0,0,0,0,0,1,0,0,0,0,0,0,0,0,0,0,1,0,0,0,0,1,0,0,0,0,0,0,0,0,0,0,0,0,0,0,None,4,None
Subhan Bakery,"Bakery, Fast Food",4.6,Excellent,936,150,1,Nampally,Hyderabad,17.3922132513,78.4650042281,1,0,0,0,0,0,0,0,1,0,0,0,0,0,0,0,0,0,0,1,0,0,0,0,0,0,0,0,0,0,0,0,0,0,0,0,0,0,0,0,0,0,0,0,0,0,0,0,None,2,None
Ohri's Ming's Court,Chinese,4.6,Excellent,985,1400,3,Basheer Bagh,Hyderabad,17.4049227291,78.4765417501,1,0,0,0,0,0,0,0,0,0,0,0,0,0,1,0,0,0,0,0,0,0,0,0,0,0,0,0,0,0,0,0,0,0,0,0,0,0,0,0,0,0,0,0,0,0,0,0,None,1,None
Prost Brew Pub,"Italian, Continental, Chinese",4.6,Excellent,2800,2200,4,Jubilee Hills,Hyderabad,17.4314704479,78.40035695579999,0,0,0,0,0,0,0,0,0,0,0,0,0,0,1,0,1,0,0,0,0,0,0,0,1,0,0,0,0,0,0,0,0,0,0,0,0,0,0,0,0,0,0,0,0,0,0,0,None,3,None
Exotica,"Mughlai, North Indian, Chinese",4.6,Excellent,6545,1800,3,Banjara Hills,Hyderabad,17.410307633800002,78.4372044727,0,0,0,0,0,0,0,0,0,0,0,0,0,0,1,0,0,0,0,0,0,0,0,0,0,0,0,0,0,0,0,0,1,1,0,0,0,0,0,0,0,0,0,0,0,0,0,0,12th Square Building,3,Mall
Gourmet Baklava,Bakery,4.6,Excellent,577,500,2,Banjara Hills,Hyderabad,17.4250737178,78.43832060689999,0,0,0,0,0,0,0,0,1,0,0,0,0,0,0,0,0,0,0,0,0,0,0,0,0,0,0,0,0,0,0,0,0,0,0,0,0,0,0,0,0,0,0,0,0,0,0,0,None,1,None
Haiku,"Asian, Sushi",4.6,Excellent,939,1500,3,Banjara Hills,Hyderabad,17.4121800923,78.4304141253,0,0,0,0,0,1,0,0,0,0,0,0,0,0,0,0,0,0,0,0,0,0,0,0,0,0,0,0,0,0,0,0,0,0,0,0,0,0,0,0,0,0,0,1,0,0,0,0,None,2,None
Coffee Cup,"Cafe, Continental, Italian",4.6,Excellent,4097,800,2,Sainikpuri,Secunderabad,17.4831571465,78.5521260649,1,1,0,0,0,0,0,0,0,0,0,0,0,1,0,0,1,0,0,0,0,0,0,0,1,0,0,0,0,0,0,0,0,0,0,0,0,0,0,0,0,0,0,0,0,0,0,0,None,3,None
Farzi Cafe,Modern Indian,4.6,Excellent,2559,1800,3,Jubilee Hills,Hyderabad,17.428555,78.409032,0,0,0,0,0,0,0,0,0,0,0,0,0,0,0,0,0,0,0,0,0,0,0,0,0,0,0,0,0,0,1,0,0,0,0,0,0,0,0,0,0,0,0,0,0,0,0,0,None,1,None
Paradise Biryani,"Biryani, North Indian",4.6,Excellent,2556,800,2,Hitech City,Hyderabad,17.4414251271,78.37621573359999,1,0,0,0,0,0,0,0,0,0,1,0,0,0,0,0,0,0,0,0,0,0,0,0,0,0,0,0,0,0,0,0,0,1,0,0,0,0,0,0,0,0,0,0,0,0,0,0,None,2,None
Flechazo,"Asian, Mediterranean, North Indian, Desserts",4.6,Excellent,1901,1300,3,Gachibowli,Hyderabad,17.435501,78.368106,0,1,0,0,0,1,0,0,0,0,0,0,0,0,0,0,0,1,0,0,0,0,0,0,0,0,0,0,1,0,0,0,0,1,0,0,0,0,0,0,0,0,0,0,0,0,0,0,None,4,None
Natural Ice Cream,"Ice Cream, Desserts",4.6,Excellent,1510,200,1,Srinagar Colony,Hyderabad,17.4285918352,78.4396097437,1,0,0,0,0,0,0,0,0,0,0,0,0,0,0,0,0,1,0,0,0,0,0,1,0,0,0,0,0,0,0,0,0,0,0,0,0,0,0,0,0,0,0,0,0,0,0,0,None,2,None
Paradise Biryani,"Biryani, North Indian, Mughlai",4.6,Excellent,8317,800,2,Gachibowli,Hyderabad,17.442355921500003,78.3565075323,1,0,0,0,0,0,0,0,0,0,1,0,0,0,0,0,0,0,0,0,0,0,0,0,0,0,0,0,0,0,0,0,1,1,0,0,0,0,0,0,0,0,0,0,0,0,0,0,None,3,None
Aashna - Aalankrita Resort,"North Indian, Chinese",4.6,Excellent,589,1300,3,Shamirpet,Hyderabad,17.5727975368,78.5571448132,0,0,0,0,0,0,0,0,0,0,0,0,0,0,1,0,0,0,0,0,0,0,0,0,0,0,0,0,0,0,0,0,0,1,0,0,0,0,0,0,0,0,0,0,0,0,0,0,Aalankrita Resort,2,Resort
Shalimar Tiffins and Snacks,"Fast Food, South Indian, Street Food",4.6,Excellent,658,250,1,Rani Gunj,Secunderabad,17.4332544038,78.4928784147,0,0,0,0,0,0,0,0,0,0,0,0,0,0,0,0,0,0,0,1,0,0,0,0,0,0,0,0,0,0,0,0,0,0,0,0,0,0,0,0,0,1,1,0,0,0,0,0,None,3,None
Lamakaan,Street Food,4.6,Excellent,784,200,1,Banjara Hills,Hyderabad,17.421155981800002,78.4473060071,0,0,0,0,0,0,0,0,0,0,0,0,0,0,0,0,0,0,0,0,0,0,0,0,0,0,0,0,0,0,0,0,0,0,0,0,0,0,0,0,0,0,1,0,0,0,0,0,None,1,None
Mekong - Marigold Hotel,"Chinese, Thai, Burmese, Vietnamese, Tibetan, Japanese",4.6,Excellent,1271,3000,4,Marigold Hotel,Hyderabad,17.4371818,78.454372,1,0,0,0,0,0,0,0,0,0,0,0,1,0,1,0,0,0,0,0,0,0,0,0,0,1,0,0,0,0,0,0,0,0,0,0,0,0,0,0,0,0,0,0,0,1,1,1,None,6,None
Ohri's Eatmor,"North Indian, South Indian, Cafe",4.6,Excellent,2143,1200,3,Banjara Hills,Hyderabad,17.4084028443,78.4388778359,1,1,0,0,0,0,0,0,0,0,0,0,0,1,0,0,0,0,0,0,0,0,0,0,0,0,0,0,0,0,0,0,0,1,0,0,0,0,0,0,0,1,0,0,0,0,0,0,None,3,None
Jewel of Nizam - The Minar - The Golkonda Resort,"Hyderabadi, Mughlai",4.6,Excellent,2631,2500,4,Gandipet,Hyderabad,17.389428406,78.315143846,0,0,0,0,0,0,0,0,0,0,0,0,0,0,0,0,0,0,0,0,0,0,1,0,0,0,0,0,0,0,0,0,1,0,0,0,0,0,0,0,0,0,0,0,0,0,0,0,The Golkonda Resorts & Spa,2,Resort
Over The Moon Brew Company,"Asian, Continental, North Indian, Chinese, Mediterranean",4.6,Excellent,3035,1900,3,Gachibowli,Hyderabad,17.440206450999998,78.36203791199999,0,1,0,0,0,1,0,0,0,0,0,0,0,0,1,0,1,0,0,0,0,0,0,0,0,0,0,0,1,0,0,0,0,1,0,0,0,0,0,0,0,0,0,0,0,0,0,0,None,5,None
Cafe Bahar,"Mughlai, North Indian, Chinese",4.6,Excellent,11208,600,2,Basheer Bagh,Hyderabad,17.3995811768,78.4785772115,1,0,0,0,0,0,0,0,0,0,0,0,0,0,1,0,0,0,0,0,0,0,0,0,0,0,0,0,0,0,0,0,1,1,0,0,0,0,0,0,0,0,0,0,0,0,0,0,None,3,None
Van Lavino,"Cafe, Desserts",4.6,Excellent,1326,1200,3,Jubilee Hills,Hyderabad,17.4295358102,78.41014366600001,1,0,0,0,0,0,0,0,0,0,0,0,0,1,0,0,0,1,0,0,0,0,0,0,0,0,0,0,0,0,0,0,0,0,0,0,0,0,0,0,0,0,0,0,0,0,0,0,None,2,None
Fat Pigeon - Bar Hop,"Continental, Mexican, North Indian, Lebanese, Italian",4.5,Excelente,2257,2200,4,Jubilee Hills,Hyderabad,17.4256095329,78.4085356817,0,0,0,0,0,0,0,0,0,0,0,0,0,0,0,0,1,0,0,0,0,0,0,0,1,0,0,1,0,1,0,0,0,1,0,0,0,0,0,0,0,0,0,0,0,0,0,0,None,5,None
Rayalaseema Ruchulu,"Andhra, South Indian, Biryani",4.5,Excelente,2251,1000,3,Hitech City,Hyderabad,17.4465828197,78.384488672,1,1,0,1,0,0,0,0,0,0,1,0,0,0,0,0,0,0,0,0,0,0,0,0,0,0,0,0,0,0,0,0,0,0,0,0,0,0,0,0,0,1,0,0,0,0,0,0,None,3,None
"3B's - Buddies, Bar & Barbecue","North Indian, Mediterranean, European",4.5,Excelente,2021,1100,3,Jubilee Hills,Hyderabad,17.4384337585,78.3978678659,0,1,0,0,0,0,0,0,0,0,0,0,0,0,0,0,0,0,1,0,0,0,0,0,0,0,0,0,1,0,0,0,0,1,0,0,0,0,0,0,0,0,0,0,0,0,0,0,None,3,None
Verandah - The Park,"North Indian, Italian, Continental, Chinese",4.5,Excelente,1388,1800,3,Somajiguda,Hyderabad,17.423250975,78.46266735350001,0,0,0,0,0,0,0,0,0,0,0,0,0,0,1,0,1,0,0,0,0,0,0,0,1,0,0,0,0,0,0,0,0,1,0,0,0,0,0,0,0,0,0,0,0,0,0,0,The Park,4,Hotel
Barbeque Pride,"North Indian, Chinese, Beverages",4.5,Harika,2597,1200,3,Jubilee Hills,Hyderabad,17.4349353431,78.40220768,0,1,0,0,0,0,0,0,0,1,0,0,0,0,1,0,0,0,0,0,0,0,0,0,0,0,0,0,0,0,0,0,0,1,0,0,0,0,0,0,0,0,0,0,0,0,0,0,None,3,None
eat.fit,"Healthy Food, North Indian, Biryani, Continental, Beverages",4.5,Skvělé,371,400,1,Jubilee Hills,Hyderabad,17.437264,78.399665,1,0,0,0,0,0,0,0,0,1,1,0,0,0,0,0,1,0,0,0,0,1,0,0,0,0,0,0,0,0,0,0,0,1,0,0,0,0,0,0,0,0,0,0,0,0,0,0,None,5,None
Mandi@36,Arabian,4.5,Vynikajúce,1515,600,2,Jubilee Hills,Hyderabad,17.4307129732,78.4079207852,1,0,0,0,1,0,0,0,0,0,0,0,0,0,0,0,0,0,0,0,0,0,0,0,0,0,0,0,0,0,0,0,0,0,0,0,0,0,0,0,0,0,0,0,0,0,0,0,None,1,None
Barbeque Pride,"North Indian, Chinese, Beverages",4.5,Excelente,1197,1200,3,Hitech City,Hyderabad,17.4477864202,78.3789110184,0,1,0,0,0,0,0,0,0,1,0,0,0,0,1,0,0,0,0,0,0,0,0,0,0,0,0,0,0,0,0,0,0,1,0,0,0,0,0,0,0,0,0,0,0,0,0,0,None,3,None
Cafe Niloufer & Bakers,"Bakery, Fast Food",4.5,Excelente,772,400,1,Lakdikapul,Hyderabad,17.400775809200002,78.4628594667,0,0,0,0,0,0,0,0,1,0,0,0,0,0,0,0,0,0,0,1,0,0,0,0,0,0,0,0,0,0,0,0,0,0,0,0,0,0,0,0,0,0,0,0,0,0,0,0,None,2,None
Broadway,"Continental, North Indian, Chinese",4.5,Excellent,1536,2700,4,Jubilee Hills,Hyderabad,17.429147,78.403548,0,0,0,0,0,0,0,0,0,0,0,0,0,0,1,0,1,0,0,0,0,0,0,0,0,0,0,0,0,0,0,0,0,1,0,0,0,0,0,0,0,0,0,0,0,0,0,0,None,3,None
Thinespo,"Continental, Italian, Salad",4.5,Excelente,1975,800,2,Kompally,Hyderabad,17.5253166435,78.4834206104,1,1,0,0,0,0,0,0,0,0,0,0,0,0,0,0,1,0,0,0,0,0,0,0,1,0,0,0,0,0,0,0,0,0,0,0,0,0,1,0,0,0,0,0,0,0,0,0,None,3,None
Ohri's Rubaiyat,"North Indian, Mughlai",4.5,Excelente,2899,1200,3,Hitech City,Hyderabad,17.4446723314,78.3770328015,1,1,0,0,0,0,0,0,0,0,0,0,0,0,0,0,0,0,0,0,0,0,0,0,0,0,0,0,0,0,0,0,1,1,0,0,0,0,0,0,0,0,0,0,0,0,0,0,None,2,None
Cream Stone,"Ice Cream, Desserts",4.5,Excelente,1403,350,1,Hitech City,Hyderabad,17.446062739000002,78.3776758611,1,0,0,0,0,0,0,0,0,0,0,0,0,0,0,0,0,1,0,0,0,0,0,1,0,0,0,0,0,0,0,0,0,0,0,0,0,0,0,0,0,0,0,0,0,0,0,0,None,2,None
Ohri's Nautanki Gali,"Continental, Chinese, Mughlai",4.5,Excelente,4951,1100,3,Hitech City,Hyderabad,17.444686405,78.3770257607,1,1,0,0,0,0,0,0,0,0,0,0,0,0,1,0,1,0,0,0,0,0,0,0,0,0,0,0,0,0,0,0,1,0,0,0,0,0,0,0,0,0,0,0,0,0,0,0,None,3,None
Barbeque Pride,"North Indian, Chinese, Beverages",4.5,Excellent,1197,1200,3,Hitech City,Hyderabad,17.4477864202,78.3789110184,0,1,0,0,0,0,0,0,0,1,0,0,0,0,1,0,0,0,0,0,0,0,0,0,0,0,0,0,0,0,0,0,0,1,0,0,0,0,0,0,0,0,0,0,0,0,0,0,None,3,None
Santè Spa Cuisine,"Healthy Food, Salad, Desserts, Cafe",4.5,Excellent,604,1500,3,Jubilee Hills,Hyderabad,17.415341762,78.4212349355,1,1,0,0,0,0,0,0,0,0,0,0,0,1,0,0,0,1,0,0,0,1,0,0,0,0,0,0,0,0,0,0,0,0,0,0,0,0,1,0,0,0,0,0,0,0,0,0,None,4,None
Dialogue in the Dark,North Indian,4.5,Excellent,1118,1200,3,Hitech City,Hyderabad,17.434705034500002,78.3866294101,0,0,0,0,0,0,0,0,0,0,0,0,0,0,0,0,0,0,0,0,0,0,0,0,0,0,0,0,0,0,0,0,0,1,0,0,0,0,0,0,0,0,0,0,0,0,0,0,Inorbit Mall,1,Mall
Karachi Bakery,"Bakery, Fast Food, Desserts",4.5,Excellent,2057,450,1,Banjara Hills,Hyderabad,17.410544691400002,78.4499342367,1,0,0,0,0,0,0,0,1,0,0,0,0,0,0,0,0,1,0,1,0,0,0,0,0,0,0,0,0,0,0,0,0,0,0,0,0,0,0,0,0,0,0,0,0,0,0,0,None,3,None
Mandi@36,Arabian,4.5,Excellent,1515,600,2,Jubilee Hills,Hyderabad,17.4307129732,78.4079207852,1,0,0,0,1,0,0,0,0,0,0,0,0,0,0,0,0,0,0,0,0,0,0,0,0,0,0,0,0,0,0,0,0,0,0,0,0,0,0,0,0,0,0,0,0,0,0,0,None,1,None
Rayalaseema Ruchulu,"Andhra, South Indian, Biryani",4.5,Excellent,2251,1000,3,Hitech City,Hyderabad,17.4465828197,78.384488672,1,1,0,1,0,0,0,0,0,0,1,0,0,0,0,0,0,0,0,0,0,0,0,0,0,0,0,0,0,0,0,0,0,0,0,0,0,0,0,0,0,1,0,0,0,0,0,0,None,3,None
Paradise Biryani,"Biryani, North Indian",4.5,Excellent,6055,800,2,Hitech City,Hyderabad,17.4503826264,78.3790816739,1,0,0,0,0,0,0,0,0,0,1,0,0,0,0,0,0,0,0,0,0,0,0,0,0,0,0,0,0,0,0,0,0,1,0,0,0,0,0,0,0,0,0,0,0,0,0,0,None,2,None
Cream Stone,"Ice Cream, Desserts",4.5,Excellent,1403,350,1,Hitech City,Hyderabad,17.446062739000002,78.3776758611,1,0,0,0,0,0,0,0,0,0,0,0,0,0,0,0,0,1,0,0,0,0,0,1,0,0,0,0,0,0,0,0,0,0,0,0,0,0,0,0,0,0,0,0,0,0,0,0,None,2,None
Aura Cafe,"Cafe, Continental, European, Italian",4.5,Excellent,1715,1600,3,Jubilee Hills,Hyderabad,17.436012,78.412096,1,1,0,0,0,0,0,0,0,0,0,0,0,1,0,0,1,0,1,0,0,0,0,0,1,0,0,0,0,0,0,0,0,0,0,0,0,0,0,0,0,0,0,0,0,0,0,0,None,4,None
eat.fit,"Healthy Food, North Indian, Biryani, Continental, Beverages",4.5,Excellent,371,400,1,Jubilee Hills,Hyderabad,17.437264,78.399665,1,0,0,0,0,0,0,0,0,1,1,0,0,0,0,0,1,0,0,0,0,1,0,0,0,0,0,0,0,0,0,0,0,1,0,0,0,0,0,0,0,0,0,0,0,0,0,0,None,5,None
Ohri's Mehfill - Hotel Baseraa,"Mughlai, Chinese",4.5,Excellent,1173,1200,3,S D Road,Secunderabad,17.4414308846,78.4996449575,1,1,0,0,0,0,0,0,0,0,0,0,0,0,1,0,0,0,0,0,0,0,0,0,0,0,0,0,0,0,0,0,1,0,0,0,0,0,0,0,0,0,0,0,0,0,0,0,Hotel Baseraa,2,Hotel
Cafe Niloufer & Bakers,"Bakery, Fast Food",4.5,Excellent,772,400,1,Lakdikapul,Hyderabad,17.400775809200002,78.4628594667,0,0,0,0,0,0,0,0,1,0,0,0,0,0,0,0,0,0,0,1,0,0,0,0,0,0,0,0,0,0,0,0,0,0,0,0,0,0,0,0,0,0,0,0,0,0,0,0,None,2,None
Lé Vantage Cafe Bar,"Cafe, Continental",4.5,Excellent,2438,1000,3,Jubilee Hills,Hyderabad,17.4300293,78.4172568,0,0,0,0,0,0,0,0,0,0,0,0,0,1,0,0,1,0,0,0,0,0,0,0,0,0,0,0,0,0,0,0,0,0,0,0,0,0,0,0,0,0,0,0,0,0,0,0,None,2,None
The Glass Onion,"North Indian, Continental, Italian, Asian",4.5,Excellent,914,1200,3,Gachibowli,Hyderabad,17.4340991937,78.3452875167,0,0,0,0,0,1,0,0,0,0,0,0,0,0,0,0,1,0,0,0,0,0,0,0,1,0,0,0,0,0,0,0,0,1,0,0,0,0,0,0,0,0,0,0,0,0,0,0,None,4,None
Fat Pigeon - Bar Hop,"Continental, Mexican, North Indian, Lebanese, Italian",4.5,Excellent,2257,2200,4,Jubilee Hills,Hyderabad,17.4256095329,78.4085356817,0,0,0,0,0,0,0,0,0,0,0,0,0,0,0,0,1,0,0,0,0,0,0,0,1,0,0,1,0,1,0,0,0,1,0,0,0,0,0,0,0,0,0,0,0,0,0,0,None,5,None
Ohri's Rubaiyat,"North Indian, Mughlai",4.5,Excellent,2899,1200,3,Hitech City,Hyderabad,17.4446723314,78.3770328015,1,1,0,0,0,0,0,0,0,0,0,0,0,0,0,0,0,0,0,0,0,0,0,0,0,0,0,0,0,0,0,0,1,1,0,0,0,0,0,0,0,0,0,0,0,0,0,0,None,2,None
Pizza Den,"Pizza, Ice Cream, Desserts",4.5,Excellent,1600,400,1,Paradise Circle,Secunderabad,17.4407326258,78.48678007720001,0,0,0,0,0,0,0,0,0,0,0,0,0,0,0,0,0,1,0,0,0,0,0,1,0,0,0,0,0,0,0,0,0,0,0,1,0,0,0,0,0,0,0,0,0,0,0,0,None,3,None
Kakatiya Deluxe Mess,Andhra,4.5,Excellent,2916,250,1,Ameerpet,Hyderabad,17.433377,78.44682,0,0,0,1,0,0,0,0,0,0,0,0,0,0,0,0,0,0,0,0,0,0,0,0,0,0,0,0,0,0,0,0,0,0,0,0,0,0,0,0,0,0,0,0,0,0,0,0,None,1,None
Vac's Patisserie,"Bakery, Fast Food, Desserts",4.5,Excellent,743,400,1,Karkhana,Secunderabad,17.4559523345,78.4988003969,0,0,0,0,0,0,0,0,1,0,0,0,0,0,0,0,0,1,0,1,0,0,0,0,0,0,0,0,0,0,0,0,0,0,0,0,0,0,0,0,0,0,0,0,0,0,0,0,None,3,None
Subbayya Gari Hotel,South Indian,4.5,Excellent,4361,400,1,Kukatpally,Hyderabad,17.4901351098,78.396515362,0,0,0,0,0,0,0,0,0,0,0,0,0,0,0,0,0,0,0,0,0,0,0,0,0,0,0,0,0,0,0,0,0,0,0,0,0,0,0,0,0,1,0,0,0,0,0,0,None,1,None
Thinespo,"Continental, Italian, Salad",4.5,Excellent,1975,800,2,Kompally,Hyderabad,17.5253166435,78.4834206104,1,1,0,0,0,0,0,0,0,0,0,0,0,0,0,0,1,0,0,0,0,0,0,0,1,0,0,0,0,0,0,0,0,0,0,0,0,0,1,0,0,0,0,0,0,0,0,0,None,3,None
Ohri's Nautanki Gali,"Continental, Chinese, Mughlai",4.5,Excellent,4951,1100,3,Hitech City,Hyderabad,17.444686405,78.3770257607,1,1,0,0,0,0,0,0,0,0,0,0,0,0,1,0,1,0,0,0,0,0,0,0,0,0,0,0,0,0,0,0,1,0,0,0,0,0,0,0,0,0,0,0,0,0,0,0,None,3,None
Hard Rock Cafe,"American, Salad",4.5,Excellent,3129,2000,4,Banjara Hills,Hyderabad,17.418581432899998,78.4487128258,0,1,1,0,0,0,0,0,0,0,0,0,0,0,0,0,0,0,0,0,0,0,0,0,0,0,0,0,0,0,0,0,0,0,0,0,0,0,1,0,0,0,0,0,0,0,0,0,GVK One Mall,2,Mall
SodaBottleOpenerWala,"Parsi, Hyderabadi",4.5,Excellent,2763,1400,3,Jubilee Hills,Hyderabad,17.4225616036,78.4109959379,1,1,0,0,0,0,0,0,0,0,0,0,0,0,0,0,0,0,0,0,0,0,1,0,0,0,0,0,0,0,0,0,0,0,1,0,0,0,0,0,0,0,0,0,0,0,0,0,None,2,None
King And Cardinal Bakery,"Bakery, Fast Food, Desserts",4.5,Excellent,1470,350,1,Himayath Nagar,Hyderabad,17.4005428981,78.4886817634,0,0,0,0,0,0,0,0,1,0,0,0,0,0,0,0,0,1,0,1,0,0,0,0,0,0,0,0,0,0,0,0,0,0,0,0,0,0,0,0,0,0,0,0,0,0,0,0,None,3,None
Ohri's Far East,"Chinese, Momos",4.5,Excellent,1865,1200,3,Banjara Hills,Hyderabad,17.4084025244,78.4388785064,1,1,0,0,0,0,0,0,0,0,0,0,0,0,1,0,0,0,0,0,0,0,0,0,0,0,0,0,0,0,0,1,0,0,0,0,0,0,0,0,0,0,0,0,0,0,0,0,None,2,None
Verandah - The Park,"North Indian, Italian, Continental, Chinese",4.5,Excellent,1388,1800,3,Somajiguda,Hyderabad,17.423250975,78.46266735350001,0,0,0,0,0,0,0,0,0,0,0,0,0,0,1,0,1,0,0,0,0,0,0,0,1,0,0,0,0,0,0,0,0,1,0,0,0,0,0,0,0,0,0,0,0,0,0,0,The Park,4,Hotel
"3B's - Buddies, Bar & Barbecue","North Indian, Mediterranean, European",4.5,Excellent,2021,1100,3,Jubilee Hills,Hyderabad,17.4384337585,78.3978678659,0,1,0,0,0,0,0,0,0,0,0,0,0,0,0,0,0,0,1,0,0,0,0,0,0,0,0,0,1,0,0,0,0,1,0,0,0,0,0,0,0,0,0,0,0,0,0,0,None,3,None
Adaa - Taj Falaknuma Palace,Hyderabadi,4.5,Excellent,1117,8000,4,Falaknuma,Hyderabad,17.3343358196,78.4676582739,0,1,0,0,0,0,0,0,0,0,0,0,0,0,0,0,0,0,0,0,0,0,1,0,0,0,0,0,0,0,0,0,0,0,0,0,0,0,0,0,0,0,0,0,0,0,0,0,Taj Falaknuma,1,Hotel
Kathmandu Momos,"Momos, Rolls",4.5,Excellent,1093,150,1,Somajiguda,Hyderabad,17.4234630641,78.4595502913,1,0,0,0,0,0,0,0,0,0,0,0,0,0,0,0,0,0,0,0,0,0,0,0,0,0,0,0,0,0,0,1,0,0,0,0,0,1,0,0,0,0,0,0,0,0,0,0,None,2,None
Barbeque Pride,"North Indian, Chinese, Beverages",4.5,Excellent,2597,1200,3,Jubilee Hills,Hyderabad,17.4349353431,78.40220768,0,1,0,0,0,0,0,0,0,1,0,0,0,0,1,0,0,0,0,0,0,0,0,0,0,0,0,0,0,0,0,0,0,1,0,0,0,0,0,0,0,0,0,0,0,0,0,0,None,3,None
Cafe Niloufer,"Bakery, Beverages",4.5,Excellent,977,150,1,Lakdikapul,Hyderabad,17.4000009307,78.4626636654,0,0,0,0,0,0,0,0,1,1,0,0,0,0,0,0,0,0,0,0,0,0,0,0,0,0,0,0,0,0,0,0,0,0,0,0,0,0,0,0,0,0,0,0,0,0,0,0,None,2,None
Ohri's Far East,"Chinese, Momos",4.5,Excelente,1865,1200,3,Banjara Hills,Hyderabad,17.4084025244,78.4388785064,1,1,0,0,0,0,0,0,0,0,0,0,0,0,1,0,0,0,0,0,0,0,0,0,0,0,0,0,0,0,0,1,0,0,0,0,0,0,0,0,0,0,0,0,0,0,0,0,None,2,None
